{
  "id": "2253775",
  "name": "beehive",
  "font_family": "iconfont",
  "css_prefix_text": "icon-",
  "description": "",
  "glyphs": [
    {
      "icon_id": "922157",
      "name": "文件",
      "font_class": "wenjian",
      "unicode": "e6bc",
      "unicode_decimal": 59068
    },
    {
      "icon_id": "21075588",
      "name": "copyright",
      "font_class": "copyright2",
      "unicode": "e823",
      "unicode_decimal": 59427
    },
    {
      "icon_id": "1901647",
      "name": "品牌",
      "font_class": "pinpai",
      "unicode": "e606",
      "unicode_decimal": 58886
    },
    {
      "icon_id": "3900372",
      "name": "文件",
      "font_class": "shangwutubiao-",
      "unicode": "e63f",
      "unicode_decimal": 58943
    },
    {
      "icon_id": "15922119",
      "name": "统计",
      "font_class": "tongji",
      "unicode": "e65b",
      "unicode_decimal": 58971
    },
    {
      "icon_id": "2198788",
      "name": "视频",
      "font_class": "shipin",
      "unicode": "e60e",
      "unicode_decimal": 58894
    },
    {
      "icon_id": "20417596",
      "name": "音乐",
      "font_class": "yinle",
      "unicode": "f28c",
      "unicode_decimal": 62092
    },
    {
      "icon_id": "1114849",
      "name": "消息",
      "font_class": "xiaoxi",
      "unicode": "e601",
      "unicode_decimal": 58881
    },
    {
      "icon_id": "3216150",
      "name": "信封",
      "font_class": "icon--",
      "unicode": "e749",
      "unicode_decimal": 59209
    },
    {
      "icon_id": "4294019",
      "name": "通知",
      "font_class": "tongzhi",
      "unicode": "e771",
      "unicode_decimal": 59249
    },
    {
      "icon_id": "6568139",
      "name": "信封",
      "font_class": "xinfeng",
      "unicode": "e642",
      "unicode_decimal": 58946
    },
    {
      "icon_id": "1727436",
      "name": "211铃铛-线性",
      "font_class": "lingdang-xianxing",
      "unicode": "e8c0",
      "unicode_decimal": 59584
    },
    {
      "icon_id": "9653948",
      "name": "多人",
      "font_class": "duoren1",
      "unicode": "e666",
      "unicode_decimal": 58982
    },
    {
      "icon_id": "1105010",
      "name": "手机",
      "font_class": "shouji",
      "unicode": "e617",
      "unicode_decimal": 58903
    },
    {
      "icon_id": "6282785",
      "name": "验证码",
      "font_class": "yanzhengma",
      "unicode": "e6c0",
      "unicode_decimal": 59072
    },
    {
      "icon_id": "8338696",
      "name": "邮箱",
      "font_class": "youxiang",
      "unicode": "e6cb",
      "unicode_decimal": 59083
    },
    {
      "icon_id": "1567684",
      "name": "view",
      "font_class": "view",
      "unicode": "e6b4",
      "unicode_decimal": 59060
    },
    {
      "icon_id": "10139856",
      "name": "view-off",
      "font_class": "view-off",
      "unicode": "e697",
      "unicode_decimal": 59031
    },
    {
      "icon_id": "11746775",
      "name": "锁",
      "font_class": "suo",
      "unicode": "e60c",
      "unicode_decimal": 58892
    },
    {
      "icon_id": "18863066",
      "name": "人",
      "font_class": "ren1",
      "unicode": "e63d",
      "unicode_decimal": 58941
    },
    {
      "icon_id": "3090318",
      "name": "人物",
      "font_class": "ren",
      "unicode": "e62e",
      "unicode_decimal": 58926
    },
    {
      "icon_id": "1013201",
      "name": "角色",
      "font_class": "role",
      "unicode": "e6bf",
      "unicode_decimal": 59071
    },
    {
      "icon_id": "9826644",
      "name": "菜单",
      "font_class": "caidan1",
      "unicode": "e610",
      "unicode_decimal": 58896
    },
    {
      "icon_id": "12331672",
      "name": "接口",
      "font_class": "jiekou",
      "unicode": "e669",
      "unicode_decimal": 58985
    },
    {
      "icon_id": "15995149",
      "name": "工作台-默认",
      "font_class": "gongzuotai-moren",
      "unicode": "e6f7",
      "unicode_decimal": 59127
    },
    {
      "icon_id": "1898783",
      "name": "github-square",
      "font_class": "github-square",
      "unicode": "e6a4",
      "unicode_decimal": 59044
    },
    {
      "icon_id": "19450584",
      "name": "github",
      "font_class": "github-fill",
      "unicode": "eac8",
      "unicode_decimal": 60104
    },
    {
      "icon_id": "3216523",
      "name": "下载",
      "font_class": "xiazai",
      "unicode": "e66a",
      "unicode_decimal": 58986
    },
    {
      "icon_id": "6337458",
      "name": "取消链接",
      "font_class": "quxiaolianjie",
      "unicode": "ec80",
      "unicode_decimal": 60544
    },
    {
      "icon_id": "5801019",
      "name": "选中",
      "font_class": "xuanzhong2",
      "unicode": "e611",
      "unicode_decimal": 58897
    },
    {
      "icon_id": "9168758",
      "name": "方形",
      "font_class": "fangxing1",
      "unicode": "e6b0",
      "unicode_decimal": 59056
    },
    {
      "icon_id": "12327135",
      "name": "表情",
      "font_class": "emoji",
      "unicode": "e602",
      "unicode_decimal": 58882
    },
    {
      "icon_id": "2768287",
      "name": "领导",
      "font_class": "lingdao",
      "unicode": "e616",
      "unicode_decimal": 58902
    },
    {
      "icon_id": "15628166",
      "name": "暂无",
      "font_class": "zanwu",
      "unicode": "e605",
      "unicode_decimal": 58885
    },
    {
      "icon_id": "17282722",
      "name": "启用",
      "font_class": "qiyong",
      "unicode": "e743",
      "unicode_decimal": 59203
    },
    {
      "icon_id": "9449156",
      "name": "需求",
      "font_class": "xuqiu",
      "unicode": "e6e4",
      "unicode_decimal": 59108
    },
    {
      "icon_id": "7406153",
      "name": "附件",
      "font_class": "fujian",
      "unicode": "e6f5",
      "unicode_decimal": 59125
    },
    {
      "icon_id": "11782956",
      "name": "点赞",
      "font_class": "zan",
      "unicode": "e600",
      "unicode_decimal": 58880
    },
    {
      "icon_id": "14030906",
      "name": "附 件",
      "font_class": "fujian1",
      "unicode": "e641",
      "unicode_decimal": 58945
    },
    {
      "icon_id": "15772328",
      "name": "连接",
      "font_class": "lianjie",
      "unicode": "e623",
      "unicode_decimal": 58915
    },
    {
      "icon_id": "6271325",
      "name": "圆圈",
      "font_class": "i",
      "unicode": "e60f",
      "unicode_decimal": 58895
    },
    {
      "icon_id": "3213149",
      "name": "部分报销",
      "font_class": "partial",
      "unicode": "e6a3",
      "unicode_decimal": 59043
    },
    {
      "icon_id": "4392262",
      "name": "取消",
      "font_class": "quxiao",
      "unicode": "e6cf",
      "unicode_decimal": 59087
    },
    {
      "icon_id": "6142920",
      "name": "选中",
      "font_class": "xuanzhong",
      "unicode": "e634",
      "unicode_decimal": 58932
    },
    {
      "icon_id": "9148384",
      "name": "部分成功",
      "font_class": "bufenchenggong",
      "unicode": "e6ae",
      "unicode_decimal": 59054
    },
    {
      "icon_id": "11761229",
      "name": "部分统计",
      "font_class": "bufentongji",
      "unicode": "e646",
      "unicode_decimal": 58950
    },
    {
      "icon_id": "6626301",
      "name": "闪电发货",
      "font_class": "shandianfahuo",
      "unicode": "e633",
      "unicode_decimal": 58931
    },
    {
      "icon_id": "18442753",
      "name": "任务组管理",
      "font_class": "renwuzuguanli",
      "unicode": "e604",
      "unicode_decimal": 58884
    },
    {
      "icon_id": "12184880",
      "name": "部门",
      "font_class": "bumen",
      "unicode": "e686",
      "unicode_decimal": 59014
    },
    {
      "icon_id": "700826",
      "name": "编辑",
      "font_class": "bianji",
      "unicode": "e63c",
      "unicode_decimal": 58940
    },
    {
      "icon_id": "933710",
      "name": "团队",
      "font_class": "tuandui",
      "unicode": "e62f",
      "unicode_decimal": 58927
    },
    {
      "icon_id": "1111360",
      "name": "编辑",
      "font_class": "bianji1",
      "unicode": "e639",
      "unicode_decimal": 58937
    },
    {
      "icon_id": "1301376",
      "name": "提示",
      "font_class": "tishi",
      "unicode": "e661",
      "unicode_decimal": 58977
    },
    {
      "icon_id": "1306473",
      "name": "更多",
      "font_class": "gengduo-2",
      "unicode": "e615",
      "unicode_decimal": 58901
    },
    {
      "icon_id": "1400848",
      "name": "加人",
      "font_class": "jiaren",
      "unicode": "e614",
      "unicode_decimal": 58900
    },
    {
      "icon_id": "1629924",
      "name": "禁止",
      "font_class": "icon-test",
      "unicode": "e632",
      "unicode_decimal": 58930
    },
    {
      "icon_id": "2116276",
      "name": "删除",
      "font_class": "dustbin_icon",
      "unicode": "e659",
      "unicode_decimal": 58969
    },
    {
      "icon_id": "3262623",
      "name": "齿轮 设置",
      "font_class": "chilunshezhi",
      "unicode": "e603",
      "unicode_decimal": 58883
    },
    {
      "icon_id": "9148975",
      "name": "工作台",
      "font_class": "weimingmingwenjianjia_gongzuotai",
      "unicode": "e63e",
      "unicode_decimal": 58942
    },
    {
      "icon_id": "9974423",
      "name": "人-减少",
      "font_class": "ren-jianshao",
      "unicode": "e705",
      "unicode_decimal": 59141
    },
    {
      "icon_id": "10056273",
      "name": "人数",
      "font_class": "renshu",
      "unicode": "e70e",
      "unicode_decimal": 59150
    },
    {
      "icon_id": "14112859",
      "name": "加",
      "font_class": "jia",
      "unicode": "e640",
      "unicode_decimal": 58944
    },
    {
      "icon_id": "17029957",
      "name": "项目",
      "font_class": "xiangmu",
      "unicode": "e69d",
      "unicode_decimal": 59037
    },
    {
      "icon_id": "15695375",
      "name": "多人",
      "font_class": "duoren",
      "unicode": "e6c9",
      "unicode_decimal": 59081
    },
    {
      "icon_id": "1395870",
      "name": "黑名单",
      "font_class": "heimingdan",
      "unicode": "e637",
      "unicode_decimal": 58935
    }
  ]
}
